4,A4,B4,C4,D4,E4,F4,G4,H4,I4,J4,K4,L4,M4,N4,O4
7,A7,B7,C7,D7,E7,F7,G7,H7,I7,J7,K7,L7,M7,N7,O7
9,A9,B9,C9,D9,E9,F9,G9,H9,I9,J9,K9,L9,M9,N9,O9
14,A14,B14,C14,D14,E14,F14,G14,H14,I14,J14,K14,L14,M14,N14,O14
15,A15,B15,C15,D15,E15,F15,G15,H15,I15,J15,K15,L15,M15,N15,O15
29,A29,B29,C29,D29,E29,F29,G29,H29,I29,J29,K29,L29,M29,N29,O29
33,A33,B33,C33,D33,E33,F33,G33,H33,I33,J33,K33,L33,M33,N33,O33
34,A34,B34,C34,D34,E34,F34,G34,H34,I34,J34,K34,L34,M34,N34,O34
35,A35,B35,C35,D35,E35,F35,G35,H35,I35,J35,K35,L35,M35,N35,O35
37,A37,B37,C37,D37,E37,F37,G37,H37,I37,J37,K37,L37,M37,N37,O37
41,A41,B41,C41,D41,E41,F41,G41,H41,I41,J41,K41,L41,M41,N41,O41
42,A42,B42,C42,D42,E42,F42,G42,H42,I42,J42,K42,L42,M42,N42,O42
46,A46,B46,C46,D46,E46,F46,G46,H46,I46,J46,K46,L46,M46,N46,O46
48,A48,B48,C48,D48,E48,F48,G48,H48,I48,J48,K48,L48,M48,N48,O48
