5,A5,B5,C5,D5,E5,F5,G5,H5,I5,J5,K5,L5,M5,N5,O5
13,A13,B13,C13,D13,E13,F13,G13,H13,I13,J13,K13,L13,M13,N13,O13
16,A16,B16,C16,D16,E16,F16,G16,H16,I16,J16,K16,L16,M16,N16,O16
17,A17,B17,C17,D17,E17,F17,G17,H17,I17,J17,K17,L17,M17,N17,O17
24,A24,B24,C24,D24,E24,F24,G24,H24,I24,J24,K24,L24,M24,N24,O24
25,A25,B25,C25,D25,E25,F25,G25,H25,I25,J25,K25,L25,M25,N25,O25
27,A27,B27,C27,D27,E27,F27,G27,H27,I27,J27,K27,L27,M27,N27,O27
30,A30,B30,C30,D30,E30,F30,G30,H30,I30,J30,K30,L30,M30,N30,O30
31,A31,B31,C31,D31,E31,F31,G31,H31,I31,J31,K31,L31,M31,N31,O31
32,A32,B32,C32,D32,E32,F32,G32,H32,I32,J32,K32,L32,M32,N32,O32
38,A38,B38,C38,D38,E38,F38,G38,H38,I38,J38,K38,L38,M38,N38,O38
44,A44,B44,C44,D44,E44,F44,G44,H44,I44,J44,K44,L44,M44,N44,O44
47,A47,B47,C47,D47,E47,F47,G47,H47,I47,J47,K47,L47,M47,N47,O47
