0,A0,B0,C0,D0,E0,F0,G0,H0,I0,J0,K0,L0,M0,N0,O0
1,A1,B1,C1,D1,E1,F1,G1,H1,I1,J1,K1,L1,M1,N1,O1
2,A2,B2,C2,D2,E2,F2,G2,H2,I2,J2,K2,L2,M2,N2,O2
3,A3,B3,C3,D3,E3,F3,G3,H3,I3,J3,K3,L3,M3,N3,O3
4,A4,B4,C4,D4,E4,F4,G4,H4,I4,J4,K4,L4,M4,N4,O4
5,A5,B5,C5,D5,E5,F5,G5,H5,I5,J5,K5,L5,M5,N5,O5
6,A6,B6,C6,D6,E6,F6,G6,H6,I6,J6,K6,L6,M6,N6,O6
7,A7,B7,C7,D7,E7,F7,G7,H7,I7,J7,K7,L7,M7,N7,O7
8,A8,B8,C8,D8,E8,F8,G8,H8,I8,J8,K8,L8,M8,N8,O8
9,A9,B9,C9,D9,E9,F9,G9,H9,I9,J9,K9,L9,M9,N9,O9
10,A10,B10,C10,D10,E10,F10,G10,H10,I10,J10,K10,L10,M10,N10,O10
11,A11,B11,C11,D11,E11,F11,G11,H11,I11,J11,K11,L11,M11,N11,O11
12,A12,B12,C12,D12,E12,F12,G12,H12,I12,J12,K12,L12,M12,N12,O12
13,A13,B13,C13,D13,E13,F13,G13,H13,I13,J13,K13,L13,M13,N13,O13
14,A14,B14,C14,D14,E14,F14,G14,H14,I14,J14,K14,L14,M14,N14,O14
15,A15,B15,C15,D15,E15,F15,G15,H15,I15,J15,K15,L15,M15,N15,O15
16,A16,B16,C16,D16,E16,F16,G16,H16,I16,J16,K16,L16,M16,N16,O16
17,A17,B17,C17,D17,E17,F17,G17,H17,I17,J17,K17,L17,M17,N17,O17
18,A18,B18,C18,D18,E18,F18,G18,H18,I18,J18,K18,L18,M18,N18,O18
19,A19,B19,C19,D19,E19,F19,G19,H19,I19,J19,K19,L19,M19,N19,O19
20,A20,B20,C20,D20,E20,F20,G20,H20,I20,J20,K20,L20,M20,N20,O20
21,A21,B21,C21,D21,E21,F21,G21,H21,I21,J21,K21,L21,M21,N21,O21
22,A22,B22,C22,D22,E22,F22,G22,H22,I22,J22,K22,L22,M22,N22,O22
23,A23,B23,C23,D23,E23,F23,G23,H23,I23,J23,K23,L23,M23,N23,O23
24,A24,B24,C24,D24,E24,F24,G24,H24,I24,J24,K24,L24,M24,N24,O24
25,A25,B25,C25,D25,E25,F25,G25,H25,I25,J25,K25,L25,M25,N25,O25
26,A26,B26,C26,D26,E26,F26,G26,H26,I26,J26,K26,L26,M26,N26,O26
27,A27,B27,C27,D27,E27,F27,G27,H27,I27,J27,K27,L27,M27,N27,O27
28,A28,B28,C28,D28,E28,F28,G28,H28,I28,J28,K28,L28,M28,N28,O28
29,A29,B29,C29,D29,E29,F29,G29,H29,I29,J29,K29,L29,M29,N29,O29
30,A30,B30,C30,D30,E30,F30,G30,H30,I30,J30,K30,L30,M30,N30,O30
31,A31,B31,C31,D31,E31,F31,G31,H31,I31,J31,K31,L31,M31,N31,O31
32,A32,B32,C32,D32,E32,F32,G32,H32,I32,J32,K32,L32,M32,N32,O32
33,A33,B33,C33,D33,E33,F33,G33,H33,I33,J33,K33,L33,M33,N33,O33
34,A34,B34,C34,D34,E34,F34,G34,H34,I34,J34,K34,L34,M34,N34,O34
35,A35,B35,C35,D35,E35,F35,G35,H35,I35,J35,K35,L35,M35,N35,O35
36,A36,B36,C36,D36,E36,F36,G36,H36,I36,J36,K36,L36,M36,N36,O36
37,A37,B37,C37,D37,E37,F37,G37,H37,I37,J37,K37,L37,M37,N37,O37
38,A38,B38,C38,D38,E38,F38,G38,H38,I38,J38,K38,L38,M38,N38,O38
39,A39,B39,C39,D39,E39,F39,G39,H39,I39,J39,K39,L39,M39,N39,O39
40,A40,B40,C40,D40,E40,F40,G40,H40,I40,J40,K40,L40,M40,N40,O40
41,A41,B41,C41,D41,E41,F41,G41,H41,I41,J41,K41,L41,M41,N41,O41
42,A42,B42,C42,D42,E42,F42,G42,H42,I42,J42,K42,L42,M42,N42,O42
43,A43,B43,C43,D43,E43,F43,G43,H43,I43,J43,K43,L43,M43,N43,O43
44,A44,B44,C44,D44,E44,F44,G44,H44,I44,J44,K44,L44,M44,N44,O44
45,A45,B45,C45,D45,E45,F45,G45,H45,I45,J45,K45,L45,M45,N45,O45
46,A46,B46,C46,D46,E46,F46,G46,H46,I46,J46,K46,L46,M46,N46,O46
47,A47,B47,C47,D47,E47,F47,G47,H47,I47,J47,K47,L47,M47,N47,O47
48,A48,B48,C48,D48,E48,F48,G48,H48,I48,J48,K48,L48,M48,N48,O48
49,A49,B49,C49,D49,E49,F49,G49,H49,I49,J49,K49,L49,M49,N49,O49
